","
1,0.0,0.0,272.20942776661684,0.834448,-4.468921832993687,2.49091,2.52621,2.75476,3.27771,4.42905,6.12711,7.7303,10.6915,18.7436,159.734,128.682,104.638,86.5604,73.0359,54.7868,40.0715,32.7159,29.0279,27.5933,200.0,200.0,200.0,200.0,200.0,200.0,200.0,200.0,200.0,200.0,200.0,200.0,200.0,200.0,200.0,200.0,200.0,200.0,17.4784,200.0,200.0,200.0,200.0,200.0,200.0,200.0,200.0,200.0,200.0,200.0,200.0,200.0,200.0,200.0,200.0,200.0
1,0.0,0.0,272.36054153001527,0.841142,-4.068871241277444,2.38895,2.42728,2.65227,3.16402,4.2933,5.97053,7.5684,10.5599,19.0689,157.508,126.927,103.307,85.5693,72.3085,54.4108,39.9425,32.696,29.0691,27.6808,200.0,200.0,200.0,200.0,200.0,200.0,200.0,200.0,200.0,200.0,200.0,200.0,200.0,200.0,200.0,200.0,200.0,200.0,17.2678,200.0,200.0,200.0,200.0,200.0,200.0,200.0,200.0,200.0,200.0,200.0,200.0,200.0,200.0,200.0,200.0,200.0
1,0.0,0.0,272.51501287009546,0.847523,-3.6827263352490256,2.29193,2.33286,2.55412,3.0547,4.16193,5.81798,7.40988,10.4309,19.4524,155.4,125.269,102.051,84.633,71.6202,54.054,39.8195,32.6769,29.1086,27.7651,200.0,200.0,200.0,200.0,200.0,200.0,200.0,200.0,200.0,200.0,200.0,200.0,200.0,200.0,200.0,200.0,200.0,200.0,17.0566,200.0,200.0,200.0,200.0,200.0,200.0,200.0,200.0,200.0,200.0,200.0,200.0,200.0,200.0,200.0,200.0,200.0
1,0.0,0.0,272.6660332010928,0.853529,-3.317866811309717,2.20081,2.24393,2.46135,2.95087,4.03624,5.67075,7.25555,10.3038,19.8908,153.455,123.74,100.893,83.769,70.9832,53.7233,39.7054,32.6597,29.1466,27.8455,200.0,200.0,200.0,200.0,200.0,200.0,200.0,200.0,200.0,200.0,200.0,200.0,200.0,200.0,200.0,200.0,200.0,200.0,16.8449,200.0,200.0,200.0,200.0,200.0,200.0,200.0,200.0,200.0,200.0,200.0,200.0,200.0,200.0,200.0,200.0,200.0
1,0.0,0.0,272.81892654927225,0.859092,-2.974808331475137,2.11649,2.16141,2.37498,2.85388,3.91823,5.53159,7.10903,10.1834,20.4044,151.667,122.337,99.8292,82.9731,70.3946,53.4167,39.5991,32.6435,29.1819,27.9207,200.0,200.0,200.0,200.0,200.0,200.0,200.0,200.0,200.0,200.0,200.0,200.0,200.0,200.0,200.0,200.0,200.0,200.0,16.6324,200.0,200.0,200.0,200.0,200.0,200.0,200.0,200.0,200.0,200.0,200.0,200.0,200.0,200.0,200.0,200.0,200.0
1,0.0,0.0,272.9691128643249,0.864173,-2.6510986363821245,2.03961,2.08603,2.29601,2.76501,3.80978,5.40369,6.97485,10.0774,21.0405,150.014,121.04,98.844,82.2337,69.8446,53.1288,39.4973,32.6263,29.2134,27.9899,200.0,200.0,200.0,200.0,200.0,200.0,200.0,200.0,200.0,200.0,200.0,200.0,200.0,200.0,200.0,200.0,200.0,200.0,16.4193,200.0,200.0,200.0,200.0,200.0,200.0,200.0,200.0,200.0,200.0,200.0,200.0,200.0,200.0,200.0,200.0,200.0
1,0.0,0.0,273.11942251047725,0.868766,-2.342165522825536,1.97015,2.01788,2.22456,2.68463,3.71188,5.28887,6.85612,9.99163,21.8753,148.463,119.821,97.9167,81.5354,69.3223,52.8524,39.3971,32.6064,29.2401,28.0529,200.0,200.0,200.0,200.0,200.0,200.0,200.0,200.0,200.0,200.0,200.0,200.0,200.0,200.0,200.0,200.0,200.0,200.0,16.2053,200.0,200.0,200.0,200.0,200.0,200.0,200.0,200.0,200.0,200.0,200.0,200.0,200.0,200.0,200.0,200.0,200.0
1,0.0,0.0,273.269348328083,0.872847,-2.043322196041201,1.90851,1.95749,2.16132,2.61365,3.62608,5.19016,6.75732,9.93512,23.0615,146.979,118.654,97.0262,80.8626,68.8148,52.5804,39.2947,32.5819,29.261,28.109,200.0,200.0,200.0,200.0,200.0,200.0,200.0,200.0,200.0,200.0,200.0,200.0,200.0,200.0,200.0,200.0,200.0,200.0,15.9904,200.0,200.0,200.0,200.0,200.0,200.0,200.0,200.0,200.0,200.0,200.0,200.0,200.0,200.0,200.0,200.0,200.0
1,0.0,0.0,273.41872770493416,0.876387,-1.7506095176647658,1.85507,1.90524,2.10686,2.55301,3.55403,5.11029,6.68281,9.91703,24.9647,145.533,117.516,96.1562,80.2025,68.313,52.3073,39.187,32.5511,29.275,28.1578,200.0,200.0,200.0,200.0,200.0,200.0,200.0,200.0,200.0,200.0,200.0,200.0,200.0,200.0,200.0,200.0,200.0,200.0,15.7744,200.0,200.0,200.0,200.0,200.0,200.0,200.0,200.0,200.0,200.0,200.0,200.0,200.0,200.0,200.0,200.0,200.0
1,0.0,0.0,273.5689464878319,0.879429,-1.461019459271794,1.80917,1.86063,2.06064,2.50206,3.49507,5.04914,6.63296,9.94012,29.5451,144.108,116.393,95.2957,79.5476,67.8112,52.0298,39.0731,32.5137,29.2823,28.1998,200.0,200.0,200.0,200.0,200.0,200.0,200.0,200.0,200.0,200.0,200.0,200.0,200.0,200.0,200.0,200.0,200.0,200.0,15.5576,200.0,200.0,200.0,200.0,200.0,200.0,200.0,200.0,200.0,200.0,200.0,200.0,200.0,200.0,200.0,200.0,200.0
1,0.0,0.0,273.71996255642006,0.88197,-1.1728274178989413,1.77081,1.82364,2.02275,2.46113,3.4499,5.00771,6.61013,10.0103,177.352,142.692,115.277,94.4379,78.8925,67.307,51.7462,38.9519,32.4691,29.2828,28.235,200.0,200.0,200.0,200.0,200.0,200.0,200.0,200.0,200.0,200.0,200.0,200.0,200.0,200.0,200.0,200.0,200.0,200.0,15.3401,200.0,200.0,200.0,200.0,200.0,200.0,200.0,200.0,200.0,200.0,200.0,200.0,200.0,200.0,200.0,200.0,200.0
1,0.0,0.0,273.8705994029977,0.883971,-0.8851223906519496,1.74066,1.79495,1.99406,2.4312,3.42003,4.98904,6.61854,10.1374,175.638,141.277,114.16,93.5784,78.234,66.7979,51.454,38.8221,32.4165,29.2756,28.2626,200.0,200.0,200.0,200.0,200.0,200.0,200.0,200.0,200.0,200.0,200.0,200.0,200.0,200.0,200.0,200.0,200.0,200.0,15.121,200.0,200.0,200.0,200.0,200.0,200.0,200.0,200.0,200.0,200.0,200.0,200.0,200.0,200.0,200.0,200.0,200.0
1,0.0,0.0,274.0209870495747,0.885451,-0.5973486084695423,1.71832,1.77435,1.97417,2.412,3.40529,4.99312,6.65879,10.326,173.922,139.861,113.042,92.7156,77.5709,66.2834,51.1534,38.6839,32.356,29.261,28.2832,200.0,200.0,200.0,200.0,200.0,200.0,200.0,200.0,200.0,200.0,200.0,200.0,200.0,200.0,200.0,200.0,200.0,200.0,14.9009,200.0,200.0,200.0,200.0,200.0,200.0,200.0,200.0,200.0,200.0,200.0,200.0,200.0,200.0,200.0,200.0,200.0
1,0.0,0.0,274.1699401802908,0.886432,-0.309219592454154,1.70355,1.76147,1.96288,2.40331,3.40559,5.02014,6.73232,10.5818,172.203,138.443,111.92,91.849,76.9034,65.7638,50.8448,38.5376,32.288,29.2394,28.2968,200.0,200.0,200.0,200.0,200.0,200.0,200.0,200.0,200.0,200.0,200.0,200.0,200.0,200.0,200.0,200.0,200.0,200.0,14.6798,200.0,200.0,200.0,200.0,200.0,200.0,200.0,200.0,200.0,200.0,200.0,200.0,200.0,200.0,200.0,200.0,200.0
1,0.0,0.0,274.32246013693447,0.886914,-0.020692084292252114,1.69629,1.75635,1.96024,2.40521,3.42123,5.07101,6.84057,10.9135,170.48,137.022,110.797,90.9793,76.2314,65.2387,50.5281,38.3835,32.2127,29.2108,28.3037,200.0,200.0,200.0,200.0,200.0,200.0,200.0,200.0,200.0,200.0,200.0,200.0,200.0,200.0,200.0,200.0,200.0,200.0,14.4577,200.0,200.0,200.0,200.0,200.0,200.0,200.0,200.0,200.0,200.0,200.0,200.0,200.0,200.0,200.0,200.0,200.0
1,0.0,0.0,274.47347796546757,0.886892,0.267972360782686,1.69662,1.75909,1.96642,2.41806,3.45282,5.14719,6.98688,11.3318,168.755,135.599,109.671,90.1061,75.5549,64.7088,50.2036,38.2214,32.1298,29.1751,28.3036,200.0,200.0,200.0,200.0,200.0,200.0,200.0,200.0,200.0,200.0,200.0,200.0,200.0,200.0,200.0,200.0,200.0,200.0,14.2347,200.0,200.0,200.0,200.0,200.0,200.0,200.0,200.0,200.0,200.0,200.0,200.0,200.0,200.0,200.0,200.0,200.0
1,0.0,0.0,274.62603610545426,0.886307,0.5573573002850012,1.70547,1.77066,1.98248,2.4432,3.50263,5.25264,7.17753,11.8588,167.022,134.17,108.539,89.2264,74.8714,64.1713,49.8695,38.0501,32.0385,29.1314,28.2958,200.0,200.0,200.0,200.0,200.0,200.0,200.0,200.0,200.0,200.0,200.0,200.0,200.0,200.0,200.0,200.0,200.0,200.0,14.0098,200.0,200.0,200.0,200.0,200.0,200.0,200.0,200.0,200.0,200.0,200.0,200.0,200.0,200.0,200.0,200.0,200.0
1,0.0,0.0,274.77812589986706,0.885217,0.8469576719182855,1.72195,1.79019,2.0076,2.47969,3.56934,5.38616,7.41225,12.5057,165.285,132.739,107.404,88.3435,74.1835,63.6289,49.5276,37.871,31.9398,29.0807,28.2811,200.0,200.0,200.0,200.0,200.0,200.0,200.0,200.0,200.0,200.0,200.0,200.0,200.0,200.0,200.0,200.0,200.0,200.0,13.7837,200.0,200.0,200.0,200.0,200.0,200.0,200.0,200.0,200.0,200.0,200.0,200.0,200.0,200.0,200.0,200.0,200.0
1,0.0,0.0,274.92863276188456,0.883624,1.1368055613190664,1.746,1.81769,2.04173,2.5276,3.65347,5.54888,7.69418,13.2959,163.545,131.306,106.268,87.4571,73.4914,63.0815,49.1783,37.6841,31.8338,29.023,28.2594,200.0,200.0,200.0,200.0,200.0,200.0,200.0,200.0,200.0,200.0,200.0,200.0,200.0,200.0,200.0,200.0,200.0,200.0,13.5565,200.0,200.0,200.0,200.0,200.0,200.0,200.0,200.0,200.0,200.0,200.0,200.0,200.0,200.0,200.0,200.0,200.0
1,0.0,0.7000000000000001,275.0806887143031,0.881527,1.4266992873434576,1.77765,1.85324,2.08504,2.58711,3.75551,5.74257,8.02744,14.2633,161.804,129.872,105.13,86.5684,72.7957,62.5296,48.8215,37.4899,31.7207,28.9584,28.2309,200.0,200.0,200.0,200.0,200.0,200.0,200.0,200.0,200.0,200.0,200.0,200.0,200.0,200.0,200.0,200.0,200.0,200.0,13.3283,200.0,200.0,200.0,200.0,200.0,200.0,200.0,200.0,200.0,200.0,200.0,200.0,200.0,200.0,200.0,200.0,200.0
1,0.0,0.7000000000000001,275.18362395932047,0.879096,1.5135596890852905,1.81421,1.89212,2.12985,2.64467,3.84442,5.89249,8.26206,14.858,161.508,129.583,104.861,86.3248,72.5778,62.3353,48.6731,37.3975,31.6571,28.9115,28.1954,200.0,200.0,200.0,200.0,200.0,200.0,200.0,200.0,200.0,200.0,200.0,200.0,200.0,200.0,200.0,200.0,200.0,200.0,13.099,200.0,200.0,200.0,200.0,200.0,200.0,200.0,200.0,200.0,200.0,200.0,200.0,200.0,200.0,200.0,200.0,200.0
1,0.0,0.7000000000000001,275.1701174894435,0.876712,1.1243952954765328,1.84967,1.92557,2.16284,2.67763,3.8713,5.88453,8.17197,14.2375,164.645,132.02,106.663,87.6214,73.5035,62.9977,49.0274,37.5576,31.722,28.9182,28.1556,200.0,200.0,200.0,200.0,200.0,200.0,200.0,200.0,200.0,200.0,200.0,200.0,200.0,200.0,200.0,200.0,200.0,200.0,12.8698,200.0,200.0,200.0,200.0,200.0,200.0,200.0,200.0,200.0,200.0,200.0,200.0,200.0,200.0,200.0,200.0,200.0
1,0.0,0.7000000000000001,275.09216203007185,0.874504,0.46806240087165746,1.88251,1.9537,2.18652,2.69341,3.85919,5.78661,7.91255,13.1505,169.848,136.124,109.744,89.8727,75.1365,64.1887,49.6848,37.87,31.8657,28.9602,28.1184,200.0,200.0,200.0,200.0,200.0,200.0,200.0,200.0,200.0,200.0,200.0,200.0,200.0,200.0,200.0,200.0,200.0,200.0,12.6414,200.0,200.0,200.0,200.0,200.0,200.0,200.0,200.0,200.0,200.0,200.0,200.0,200.0,200.0,200.0,200.0,200.0
1,0.0,0.7000000000000001,274.9838266886191,0.872552,-0.2590588563638358,1.91174,1.97723,2.20415,2.70035,3.83189,5.66402,7.6245,12.1405,175.771,140.845,113.318,92.4964,77.0453,65.5841,50.4557,38.2372,32.0394,29.0187,28.0885,200.0,200.0,200.0,200.0,200.0,200.0,200.0,200.0,200.0,200.0,200.0,200.0,200.0,200.0,200.0,200.0,200.0,200.0,12.4144,200.0,200.0,200.0,200.0,200.0,200.0,200.0,200.0,200.0,200.0,200.0,200.0,200.0,200.0,200.0,200.0,200.0
1,0.0,0.0,274.84780245521085,0.870881,-0.9776378858317236,1.93707,1.9967,2.21724,2.70209,3.79909,5.54123,7.35492,11.3064,181.827,145.722,117.037,95.2376,79.0417,67.043,51.2613,38.6175,32.2222,29.085,28.0669,200.0,200.0,200.0,200.0,200.0,200.0,200.0,200.0,200.0,200.0,200.0,200.0,200.0,200.0,200.0,200.0,200.0,200.0,12.1888,200.0,200.0,200.0,200.0,200.0,200.0,200.0,200.0,200.0,200.0,200.0,200.0,200.0,200.0,200.0,200.0,200.0
1,0.0,0.0,274.7009265241821,0.869532,-1.6599045691176055,1.95782,2.01169,2.22574,2.69908,3.76279,5.42287,7.11013,10.6232,187.783,150.565,120.758,97.991,81.049,68.5089,52.0694,38.9954,32.4062,29.1559,28.0537,200.0,200.0,200.0,200.0,200.0,200.0,200.0,200.0,200.0,200.0,200.0,200.0,200.0,200.0,200.0,200.0,200.0,200.0,200.0,11.9653,200.0,200.0,200.0,200.0,200.0,200.0,200.0,200.0,200.0,200.0,200.0,200.0,200.0,200.0,200.0,200.0
1,0.0,0.0,274.5900713089286,0.86849,-2.278710447014797,1.97421,2.02264,2.23056,2.6931,3.72647,5.3153,6.89768,10.0756,22.4433,155.161,124.313,100.633,82.9763,69.915,52.8417,39.3522,32.5816,29.2267,28.0475,200.0,200.0,200.0,200.0,200.0,200.0,200.0,200.0,200.0,200.0,200.0,200.0,200.0,200.0,200.0,200.0,200.0,200.0,200.0,11.7438,200.0,200.0,200.0,200.0,200.0,200.0,200.0,200.0,200.0,200.0,200.0,200.0,200.0,200.0,200.0,200.0
1,0.0,0.0,274.61308368947726,0.867672,-2.728270321808295,1.98721,2.03165,2.23523,2.69022,3.7028,5.24372,6.75732,9.72589,19.7763,158.715,127.075,102.685,84.4704,70.9999,53.4303,39.6167,32.7113,29.2793,28.044,200.0,200.0,200.0,200.0,200.0,200.0,200.0,200.0,200.0,200.0,200.0,200.0,200.0,200.0,200.0,200.0,200.0,200.0,200.0,11.5239,200.0,200.0,200.0,200.0,200.0,200.0,200.0,200.0,200.0,200.0,200.0,200.0,200.0,200.0,200.0,200.0
1,0.0,0.0,274.6303235760952,0.867088,-3.0154596870396686,1.99649,2.03842,2.23929,2.68975,3.6899,5.20215,6.67486,9.52331,18.5449,161.196,129.004,104.117,85.5075,71.7476,53.8279,39.7872,32.7947,29.313,28.0417,200.0,200.0,200.0,200.0,200.0,200.0,200.0,200.0,200.0,200.0,200.0,200.0,200.0,200.0,200.0,200.0,200.0,200.0,200.0,11.3052,200.0,200.0,200.0,200.0,200.0,200.0,200.0,200.0,200.0,200.0,200.0,200.0,200.0,200.0,200.0,200.0
1,0.0,0.0,274.5182144597187,0.866777,-3.1735502018721653,2.00146,2.04202,2.24139,2.68933,3.68254,5.17924,6.63033,9.41572,17.9596,162.793,130.243,105.031,86.1641,72.2156,54.0692,39.8822,32.8412,29.332,28.0409,200.0,200.0,200.0,200.0,200.0,200.0,200.0,200.0,200.0,200.0,200.0,200.0,200.0,200.0,200.0,200.0,200.0,200.0,200.0,11.0887,200.0,200.0,200.0,200.0,200.0,200.0,200.0,200.0,200.0,200.0,200.0,200.0,200.0,200.0,200.0,200.0
1,0.0,0.0,274.4143915608471,0.866744,-3.211164881122504,2.00201,2.04221,2.24117,2.68837,3.67969,5.1722,6.61775,9.38748,17.8202,163.542,130.815,105.444,86.4519,72.4132,54.1604,39.906,32.8531,29.3372,28.0413,200.0,200.0,200.0,200.0,200.0,200.0,200.0,200.0,200.0,200.0,200.0,200.0,200.0,200.0,200.0,200.0,200.0,200.0,200.0,10.8748,200.0,200.0,200.0,200.0,200.0,200.0,200.0,200.0,200.0,200.0,200.0,200.0,200.0,200.0,200.0,200.0
1,0.0,0.0,274.31913038851485,0.866995,-3.1363136747666136,1.99808,2.03894,2.23843,2.68651,3.68027,5.17887,6.63333,9.42956,18.0652,163.488,130.754,105.38,86.3893,72.3543,54.1096,39.8649,32.8328,29.3298,28.0432,200.0,200.0,200.0,200.0,200.0,200.0,200.0,200.0,200.0,200.0,200.0,200.0,200.0,200.0,200.0,200.0,200.0,200.0,200.0,10.664,200.0,200.0,200.0,200.0,200.0,200.0,200.0,200.0,200.0,200.0,200.0,200.0,200.0,200.0,200.0,200.0
1,0.0,0.0,274.2359284661686,0.867494,-2.9520676365863947,1.99026,2.03265,2.23369,2.68422,3.68489,5.20003,6.67836,9.54541,18.7397,162.651,130.075,104.852,85.9858,72.0454,53.9208,39.7615,32.781,29.3098,28.0463,200.0,200.0,200.0,200.0,200.0,200.0,200.0,200.0,200.0,200.0,200.0,200.0,200.0,200.0,200.0,200.0,200.0,200.0,200.0,10.4561,200.0,200.0,200.0,200.0,200.0,200.0,200.0,200.0,200.0,200.0,200.0,200.0,200.0,200.0,200.0,200.0
1,0.0,0.0,274.16989310940556,0.868214,-2.665835110872889,1.97894,2.02383,2.22733,2.68187,3.69394,5.23617,6.75355,9.73804,19.985,161.095,128.831,103.899,85.2703,71.5084,53.6056,39.6008,32.7005,29.2786,28.0508,200.0,200.0,200.0,200.0,200.0,200.0,200.0,200.0,200.0,200.0,200.0,200.0,200.0,200.0,200.0,200.0,200.0,200.0,200.0,10.2515,200.0,200.0,200.0,200.0,200.0,200.0,200.0,200.0,200.0,200.0,200.0,200.0,200.0,200.0,200.0,200.0
1,0.0,0.0,274.12678739254073,0.869103,-2.295051203331928,1.96503,2.01306,2.21979,2.67975,3.70719,5.28607,6.8575,10.0085,22.1126,158.961,127.136,102.61,84.3087,70.7912,53.1904,39.395,32.5973,29.2386,28.0571,200.0,200.0,200.0,200.0,200.0,200.0,200.0,200.0,200.0,200.0,200.0,200.0,200.0,200.0,200.0,200.0,200.0,200.0,200.0,10.0503,200.0,200.0,200.0,200.0,200.0,200.0,200.0,200.0,200.0,200.0,200.0,200.0,200.0,200.0,200.0,200.0
1,0.0,0.0,274.09939826518536,0.870074,-1.8658943556230387,1.94992,2.00161,2.21217,2.67868,3.72481,5.34895,6.98767,10.3543,25.7452,156.449,125.153,101.107,83.1921,69.9604,52.7117,39.1602,32.4791,29.1929,28.0647,200.0,200.0,200.0,200.0,200.0,200.0,200.0,200.0,200.0,200.0,200.0,200.0,200.0,200.0,200.0,200.0,200.0,200.0,200.0,9.85203,200.0,200.0,200.0,200.0,200.0,200.0,200.0,200.0,200.0,200.0,200.0,200.0,200.0,200.0,200.0,200.0
1,0.0,0.7000000000000001,274.08877962665235,0.871021,-1.4029215388455285,1.9353,1.99088,2.20573,2.67973,3.7475,5.42429,7.14281,10.7761,191.897,153.746,123.027,99.5033,82.0014,69.0752,52.202,38.9111,32.3528,29.144,28.073,200.0,200.0,200.0,200.0,200.0,200.0,200.0,200.0,200.0,200.0,200.0,200.0,200.0,200.0,200.0,200.0,200.0,200.0,200.0,9.65657,200.0,200.0,200.0,200.0,200.0,200.0,200.0,200.0,200.0,200.0,200.0,200.0,200.0,200.0,200.0,200.0
1,0.0,0.7000000000000001,274.03455417700343,0.871958,-1.0620804056781044,1.92096,1.97931,2.1969,2.6756,3.75761,5.47159,7.24959,11.0943,189.7,151.923,121.599,98.4256,81.2013,68.4792,51.8574,38.7414,32.2658,29.1129,28.0838,200.0,200.0,200.0,200.0,200.0,200.0,200.0,200.0,200.0,200.0,200.0,200.0,200.0,200.0,200.0,200.0,200.0,200.0,200.0,9.46445,200.0,200.0,200.0,200.0,200.0,200.0,200.0,200.0,200.0,200.0,200.0,200.0,200.0,200.0,200.0,200.0
1,0.0,0.7000000000000001,273.8782081462133,0.873001,-1.0572732897769568,1.90527,1.9632,2.17908,2.65393,3.72723,5.42709,7.19006,10.9989,190.296,152.413,121.977,98.7068,81.4067,68.6293,51.9402,38.7782,32.2822,29.1284,28.0994,200.0,200.0,200.0,200.0,200.0,200.0,200.0,200.0,200.0,200.0,200.0,200.0,200.0,200.0,200.0,200.0,200.0,200.0,200.0,200.0,9.27678,200.0,200.0,200.0,200.0,200.0,200.0,200.0,200.0,200.0,200.0,200.0,200.0,200.0,200.0,200.0
1,0.0,0.7000000000000001,273.66451275037673,0.874198,-1.330734586236996,1.88754,1.94241,2.15282,2.6167,3.66206,5.30552,6.99206,10.5627,30.6171,154.837,123.872,100.13,82.4575,69.4067,52.3827,38.9893,32.3876,29.1835,28.1199,200.0,200.0,200.0,200.0,200.0,200.0,200.0,200.0,200.0,200.0,200.0,200.0,200.0,200.0,200.0,200.0,200.0,200.0,200.0,200.0,9.09488,200.0,200.0,200.0,200.0,200.0,200.0,200.0,200.0,200.0,200.0,200.0,200.0,200.0,200.0,200.0
1,0.0,0.7000000000000001,273.4149099048196,0.875592,-1.7643605047479056,1.867,1.91739,2.12018,2.56889,3.57565,5.14064,6.72171,9.97307,23.3012,158.445,126.709,102.268,84.0403,70.5788,53.0511,39.3101,32.5504,29.2646,28.146,200.0,200.0,200.0,200.0,200.0,200.0,200.0,200.0,200.0,200.0,200.0,200.0,200.0,200.0,200.0,200.0,200.0,200.0,200.0,200.0,8.91944,200.0,200.0,200.0,200.0,200.0,200.0,200.0,200.0,200.0,200.0,200.0,200.0,200.0,200.0,200.0
1,0.0,0.7000000000000001,273.14719985941497,0.877246,-2.2750205988141547,1.84274,1.88797,2.08197,2.51342,3.47659,4.95494,6.42273,9.34952,19.3364,162.705,130.081,104.823,85.9349,71.9832,53.8521,39.6958,32.7489,29.3625,28.1789,200.0,200.0,200.0,200.0,200.0,200.0,200.0,200.0,200.0,200.0,200.0,200.0,200.0,200.0,200.0,200.0,200.0,200.0,200.0,200.0,8.75164,200.0,200.0,200.0,200.0,200.0,200.0,200.0,200.0,200.0,200.0,200.0,200.0,200.0,200.0,200.0
1,0.0,0.0,272.8540055190242,0.879172,-2.821748386083889,1.81467,1.85446,2.03909,2.45216,3.36975,4.75994,6.11627,8.74148,16.5891,167.352,133.788,107.645,88.0343,73.5403,54.74,40.1244,32.9716,29.4727,28.2187,200.0,200.0,200.0,200.0,200.0,200.0,200.0,200.0,200.0,200.0,200.0,200.0,200.0,200.0,200.0,200.0,200.0,200.0,200.0,200.0,8.59204,200.0,200.0,200.0,200.0,200.0,200.0,200.0,200.0,200.0,200.0,200.0,200.0,200.0,200.0,200.0
1,0.0,0.0,272.55580102985243,0.881435,-3.381396371633823,1.78159,1.81592,1.99088,2.38487,3.25594,4.55891,5.80898,8.1607,14.512,172.229,137.709,110.649,90.2758,75.2052,55.6898,40.584,33.2133,29.5942,28.2663,200.0,200.0,200.0,200.0,200.0,200.0,200.0,200.0,200.0,200.0,200.0,200.0,200.0,200.0,200.0,200.0,200.0,200.0,200.0,200.0,200.0,8.44215,200.0,200.0,200.0,200.0,200.0,200.0,200.0,200.0,200.0,200.0,200.0,200.0,200.0,200.0
1,0.0,0.0,272.31024119253107,0.884021,-3.9134449801923057,1.74377,1.77298,1.93845,2.31352,3.13937,4.3605,5.51443,7.62777,12.9151,177.021,141.596,113.646,92.5208,76.8756,56.6435,41.0474,33.4601,29.7227,28.3204,200.0,200.0,200.0,200.0,200.0,200.0,200.0,200.0,200.0,200.0,200.0,200.0,200.0,200.0,200.0,200.0,200.0,200.0,200.0,200.0,200.0,8.30249,200.0,200.0,200.0,200.0,200.0,200.0,200.0,200.0,200.0,200.0,200.0,200.0,200.0,200.0
1,0.0,0.0,272.2205868193971,0.886801,-4.279610847904512,1.70279,1.72833,1.88605,2.24536,3.03433,4.19173,5.27283,7.21472,11.8486,180.608,144.531,115.927,94.2395,78.1597,57.3821,41.4116,33.6593,29.8325,28.374,200.0,200.0,200.0,200.0,200.0,200.0,200.0,200.0,200.0,200.0,200.0,200.0,200.0,200.0,200.0,200.0,200.0,200.0,200.0,200.0,200.0,8.17218,200.0,200.0,200.0,200.0,200.0,200.0,200.0,200.0,200.0,200.0,200.0,200.0,200.0,200.0
1,0.0,0.0,272.14806588902604,0.889786,-4.474851946173291,1.65829,1.68164,1.83322,2.17957,2.93881,4.04609,5.07154,6.89413,11.1252,182.886,146.414,117.406,95.3649,79.0083,57.8796,41.6657,33.8057,29.9209,28.4256,200.0,200.0,200.0,200.0,200.0,200.0,200.0,200.0,200.0,200.0,200.0,200.0,200.0,200.0,200.0,200.0,200.0,200.0,200.0,200.0,200.0,8.05161,200.0,200.0,200.0,200.0,200.0,200.0,200.0,200.0,200.0,200.0,200.0,200.0,200.0,200.0
1,0.0,0.0,272.0780417497201,0.892994,-4.539670661536442,1.6102,1.63239,1.7789,2.11383,2.84639,3.91062,4.89226,6.62685,10.592,184.145,147.472,118.251,96.02,79.5124,58.1877,41.8345,33.9118,29.9933,28.4767,200.0,200.0,200.0,200.0,200.0,200.0,200.0,200.0,200.0,200.0,200.0,200.0,200.0,200.0,200.0,200.0,200.0,200.0,200.0,200.0,200.0,7.94187,200.0,200.0,200.0,200.0,200.0,200.0,200.0,200.0,200.0,200.0,200.0,200.0,200.0,200.0
1,0.0,0.0,272.0153997607012,0.896426,-4.5178581582758115,1.55844,1.58008,1.7218,2.04556,2.7534,3.78081,4.7272,6.39605,10.1887,184.489,147.783,118.522,96.2489,79.7039,58.3246,41.9269,33.982,30.0518,28.529,200.0,200.0,200.0,200.0,200.0,200.0,200.0,200.0,200.0,200.0,200.0,200.0,200.0,200.0,200.0,200.0,200.0,200.0,200.0,200.0,200.0,200.0,7.84334,200.0,200.0,200.0,200.0,200.0,200.0,200.0,200.0,200.0,200.0,200.0,200.0,200.0
1,0.0,0.0,271.96635674598355,0.900178,-4.4340630807379275,1.50186,1.52325,1.66061,1.97391,2.65906,3.65465,4.57283,6.19454,9.88904,183.951,147.376,118.238,96.0647,79.5922,58.2953,41.9447,34.0172,30.0966,28.5823,200.0,200.0,200.0,200.0,200.0,200.0,200.0,200.0,200.0,200.0,200.0,200.0,200.0,200.0,200.0,200.0,200.0,200.0,200.0,200.0,200.0,200.0,7.75693,200.0,200.0,200.0,200.0,200.0,200.0,200.0,200.0,200.0,200.0,200.0,200.0,200.0
1,0.0,0.0,271.9292930646901,0.904216,-4.247720017027531,1.44073,1.46255,1.59589,1.89926,2.56339,3.5313,4.42726,6.0173,9.67799,182.607,146.311,117.447,95.5037,79.2037,58.1134,41.894,34.0201,30.1285,28.6365,200.0,200.0,200.0,200.0,200.0,200.0,200.0,200.0,200.0,200.0,200.0,200.0,200.0,200.0,200.0,200.0,200.0,200.0,200.0,200.0,200.0,200.0,7.68268,200.0,200.0,200.0,200.0,200.0,200.0,200.0,200.0,200.0,200.0,200.0,200.0,200.0
1,0.0,0.0,271.9094235475225,0.908494,-3.981460800052285,1.37592,1.39847,1.52805,1.82166,2.46548,3.40808,4.28545,5.85456,9.52926,180.648,144.751,116.276,94.6606,78.6076,57.8169,41.7914,33.9984,30.151,28.6919,200.0,200.0,200.0,200.0,200.0,200.0,200.0,200.0,200.0,200.0,200.0,200.0,200.0,200.0,200.0,200.0,200.0,200.0,200.0,200.0,200.0,200.0,7.62073,200.0,200.0,200.0,200.0,200.0,200.0,200.0,200.0,200.0,200.0,200.0,200.0,200.0
1,0.0,0.0,271.9025641942174,0.912913,-3.6603809812389234,1.30899,1.3324,1.45822,1.74216,2.36592,3.28436,4.14537,5.7,9.42399,178.288,142.87,114.862,93.6363,77.8778,57.4456,41.6544,33.9605,30.1672,28.7483,200.0,200.0,200.0,200.0,200.0,200.0,200.0,200.0,200.0,200.0,200.0,200.0,200.0,200.0,200.0,200.0,200.0,200.0,200.0,200.0,200.0,200.0,7.57053,200.0,200.0,200.0,200.0,200.0,200.0,200.0,200.0,200.0,200.0,200.0,200.0,200.0
1,0.0,0.0,271.90643113784654,0.917384,-3.309816754288129,1.2413,1.26556,1.3876,1.66159,2.265,3.15942,4.00441,5.54725,9.3425,175.732,140.838,113.335,92.5293,77.0867,57.0388,41.5005,33.9143,30.1804,28.8055,200.0,200.0,200.0,200.0,200.0,200.0,200.0,200.0,200.0,200.0,200.0,200.0,200.0,200.0,200.0,200.0,200.0,200.0,200.0,200.0,200.0,200.0,200.0,7.53133,200.0,200.0,200.0,200.0,200.0,200.0,200.0,200.0,200.0,200.0,200.0,200.0
1,0.0,0.0,271.9184495085762,0.921818,-2.9546172987747266,1.17432,1.19922,1.31723,1.58115,2.16367,3.03296,3.86119,5.39104,9.26429,173.176,138.813,111.816,91.429,76.2996,56.6325,41.3455,33.8673,30.1933,28.863,200.0,200.0,200.0,200.0,200.0,200.0,200.0,200.0,200.0,200.0,200.0,200.0,200.0,200.0,200.0,200.0,200.0,200.0,200.0,200.0,200.0,200.0,200.0,7.50248,200.0,200.0,200.0,200.0,200.0,200.0,200.0,200.0,200.0,200.0,200.0,200.0
1,0.0,0.0,271.93654369224254,0.926107,-2.613581359956958,1.10956,1.13489,1.24878,1.50247,2.0638,2.90691,3.7168,5.23057,9.17695,170.758,136.906,110.391,90.3971,75.5613,56.2512,41.2004,33.8242,30.2071,28.9196,200.0,200.0,200.0,200.0,200.0,200.0,200.0,200.0,200.0,200.0,200.0,200.0,200.0,200.0,200.0,200.0,200.0,200.0,200.0,200.0,200.0,200.0,200.0,7.4827,200.0,200.0,200.0,200.0,200.0,200.0,200.0,200.0,200.0,200.0,200.0,200.0
1,0.0,0.0,271.9515383386697,0.93016,-2.297526381006893,1.04846,1.07397,1.18372,1.42722,1.96736,2.78384,3.57415,5.06822,9.07616,168.55,135.172,109.098,89.4632,74.8938,55.9066,41.0702,33.7868,30.2219,28.9741,200.0,200.0,200.0,200.0,200.0,200.0,200.0,200.0,200.0,200.0,200.0,200.0,200.0,200.0,200.0,200.0,200.0,200.0,200.0,200.0,200.0,200.0,200.0,7.47086,200.0,200.0,200.0,200.0,200.0,200.0,200.0,200.0,200.0,200.0,200.0,200.0
1,0.0,0.0,271.96682164191986,0.93393,-2.0104115002888867,0.991669,1.01715,1.12274,1.35638,1.8759,2.66554,3.4357,4.90633,8.96216,166.575,133.626,107.949,88.6341,74.3018,55.6015,40.9556,33.7555,30.2375,29.0255,200.0,200.0,200.0,200.0,200.0,200.0,200.0,200.0,200.0,200.0,200.0,200.0,200.0,200.0,200.0,200.0,200.0,200.0,200.0,200.0,200.0,200.0,200.0,7.46633,200.0,200.0,200.0,200.0,200.0,200.0,200.0,200.0,200.0,200.0,200.0,200.0
1,0.0,0.0,271.98042092321,0.937372,-1.7500251007137326,0.93985,0.965179,1.06683,1.29114,1.79095,2.5549,3.3048,4.75104,8.84494,164.805,132.245,106.925,87.8959,73.7746,55.3296,40.8539,33.7282,30.2525,29.0732,200.0,200.0,200.0,200.0,200.0,200.0,200.0,200.0,200.0,200.0,200.0,200.0,200.0,200.0,200.0,200.0,200.0,200.0,200.0,200.0,200.0,200.0,200.0,7.46822,200.0,200.0,200.0,200.0,200.0,200.0,200.0,200.0,200.0,200.0,200.0,200.0
1,0.0,0.0,271.9896764008181,0.940448,-1.5108839761820296,0.893585,0.918701,1.01672,1.23254,1.7144,2.45465,3.18584,4.60921,8.74191,163.194,130.991,105.995,87.2259,73.2951,55.0813,40.7601,33.7024,30.2655,29.1161,200.0,200.0,200.0,200.0,200.0,200.0,200.0,200.0,200.0,200.0,200.0,200.0,200.0,200.0,200.0,200.0,200.0,200.0,200.0,200.0,200.0,200.0,200.0,200.0,7.47597,200.0,200.0,200.0,200.0,200.0,200.0,200.0,200.0,200.0,200.0,200.0
1,0.0,0.0,272.00335012855794,0.943137,-1.2865939177001176,0.85318,0.878052,0.97287,1.18129,1.64744,2.367,3.0822,4.4868,8.67103,161.692,129.823,105.129,86.5997,72.846,54.8465,40.6693,33.6754,30.2751,29.1539,200.0,200.0,200.0,200.0,200.0,200.0,200.0,200.0,200.0,200.0,200.0,200.0,200.0,200.0,200.0,200.0,200.0,200.0,200.0,200.0,200.0,200.0,200.0,200.0,7.48872,200.0,200.0,200.0,200.0,200.0,200.0,200.0,200.0,200.0,200.0,200.0
1,0.0,0.0,272.0099909826352,0.945434,-1.0712018937765873,0.818634,0.843323,0.935455,1.13757,1.59056,2.29308,2.99545,4.38759,8.64646,160.253,128.703,104.298,85.9973,72.4117,54.6167,40.5776,33.6453,30.2802,29.1862,200.0,200.0,200.0,200.0,200.0,200.0,200.0,200.0,200.0,200.0,200.0,200.0,200.0,200.0,200.0,200.0,200.0,200.0,200.0,200.0,200.0,200.0,200.0,200.0,7.50644,200.0,200.0,200.0,200.0,200.0,200.0,200.0,200.0,200.0,200.0,200.0
1,0.0,0.0,272.01585793605045,0.94734,-0.8616483097854398,0.789978,0.814606,0.904602,1.10172,1.54428,2.23402,2.9277,4.31547,8.68313,158.853,127.614,103.487,85.4076,71.9846,54.3873,40.4827,33.6108,30.2805,29.2132,200.0,200.0,200.0,200.0,200.0,200.0,200.0,200.0,200.0,200.0,200.0,200.0,200.0,200.0,200.0,200.0,200.0,200.0,200.0,200.0,200.0,200.0,200.0,200.0,7.52876,200.0,200.0,200.0,200.0,200.0,200.0,200.0,200.0,200.0,200.0,200.0
1,0.0,0.0,272.0233902414881,0.948858,-0.6560481345806952,0.767151,0.79187,0.88031,1.0737,1.5088,2.19008,2.87965,4.27232,8.79258,157.48,126.545,102.689,84.8245,71.5598,54.156,40.3837,33.5715,30.2757,29.2347,200.0,200.0,200.0,200.0,200.0,200.0,200.0,200.0,200.0,200.0,200.0,200.0,200.0,200.0,200.0,200.0,200.0,200.0,200.0,200.0,200.0,200.0,200.0,200.0,7.55541,200.0,200.0,200.0,200.0,200.0,200.0,200.0,200.0,200.0,200.0,200.0
1,0.0,0.0,272.0266493086121,0.95005,-0.45308757593811827,0.749268,0.774109,0.861511,1.05234,1.48245,2.15929,2.84866,4.25514,8.97526,156.125,125.489,101.9,84.2459,71.1363,53.9222,40.2808,33.5281,30.2665,29.2516,200.0,200.0,200.0,200.0,200.0,200.0,200.0,200.0,200.0,200.0,200.0,200.0,200.0,200.0,200.0,200.0,200.0,200.0,200.0,200.0,200.0,200.0,200.0,200.0,200.0,7.58724,200.0,200.0,200.0,200.0,200.0,200.0,200.0,200.0,200.0,200.0
1,0.0,0.0,272.03042893696653,0.95086,-0.25066101396060336,0.737091,0.762238,0.849274,1.03885,1.46727,2.14468,2.83917,4.27084,9.26141,154.772,124.434,101.109,83.6635,70.7072,53.6822,40.1717,33.4789,30.252,29.2632,200.0,200.0,200.0,200.0,200.0,200.0,200.0,200.0,200.0,200.0,200.0,200.0,200.0,200.0,200.0,200.0,200.0,200.0,200.0,200.0,200.0,200.0,200.0,200.0,200.0,7.62302,200.0,200.0,200.0,200.0,200.0,200.0,200.0,200.0,200.0,200.0
1,0.0,0.0,272.0344613747583,0.951281,-0.047893312911867464,0.730774,0.756409,0.843689,1.03357,1.46362,2.14712,2.85259,4.3234,9.67702,153.414,123.373,100.312,83.0738,70.2709,53.4346,40.0557,33.4236,30.2317,29.2692,200.0,200.0,200.0,200.0,200.0,200.0,200.0,200.0,200.0,200.0,200.0,200.0,200.0,200.0,200.0,200.0,200.0,200.0,200.0,200.0,200.0,200.0,200.0,200.0,200.0,7.66228,200.0,200.0,200.0,200.0,200.0,200.0,200.0,200.0,200.0,200.0
1,0.0,0.0,272.0405728008545,0.951353,0.15616537664085717,0.729706,0.756073,0.844177,1.03574,1.47055,2.16551,2.8878,4.41174,10.2447,152.046,122.303,99.5061,82.4759,69.8263,53.1792,39.933,33.3624,30.2062,29.2704,200.0,200.0,200.0,200.0,200.0,200.0,200.0,200.0,200.0,200.0,200.0,200.0,200.0,200.0,200.0,200.0,200.0,200.0,200.0,200.0,200.0,200.0,200.0,200.0,200.0,7.70551,200.0,200.0,200.0,200.0,200.0,200.0,200.0,200.0,200.0,200.0
1,0.0,0.0,272.0457099894312,0.951072,0.3615289202762128,0.733917,0.761169,0.850861,1.04553,1.48851,2.20028,2.94588,4.53876,11.01,150.668,121.226,98.6926,81.8699,69.3735,52.9162,39.8039,33.2956,30.1755,29.2666,200.0,200.0,200.0,200.0,200.0,200.0,200.0,200.0,200.0,200.0,200.0,200.0,200.0,200.0,200.0,200.0,200.0,200.0,200.0,200.0,200.0,200.0,200.0,200.0,200.0,7.75248,200.0,200.0,200.0,200.0,200.0,200.0,200.0,200.0,200.0,200.0
1,0.0,0.0,272.0518373600381,0.950404,0.5677387225749766,0.743988,0.772369,0.864319,1.06378,1.51857,2.25381,3.02978,4.71074,12.0545,149.283,120.141,97.8715,81.2562,68.9124,52.6451,39.6677,33.2226,30.1391,29.2574,200.0,200.0,200.0,200.0,200.0,200.0,200.0,200.0,200.0,200.0,200.0,200.0,200.0,200.0,200.0,200.0,200.0,200.0,200.0,200.0,200.0,200.0,200.0,200.0,200.0,200.0,7.80226,200.0,200.0,200.0,200.0,200.0,200.0,200.0,200.0,200.0
1,0.0,0.0,272.0579870102977,0.949399,0.7749196883364871,0.759064,0.788757,0.883728,1.08932,1.55945,2.32408,3.13763,4.92587,13.4959,147.891,119.05,97.0447,80.6357,68.4448,52.3677,39.5257,33.1444,30.098,29.2435,200.0,200.0,200.0,200.0,200.0,200.0,200.0,200.0,200.0,200.0,200.0,200.0,200.0,200.0,200.0,200.0,200.0,200.0,200.0,200.0,200.0,200.0,200.0,200.0,200.0,200.0,7.85572,200.0,200.0,200.0,200.0,200.0,200.0,200.0,200.0,200.0
1,0.0,0.0,272.0652154182606,0.94803,0.9827830468319985,0.779633,0.810944,0.909607,1.12305,1.61237,2.4131,3.27244,5.19167,15.6437,146.494,117.955,96.2117,80.009,67.9703,52.083,39.3773,33.0604,30.0515,29.2245,200.0,200.0,200.0,200.0,200.0,200.0,200.0,200.0,200.0,200.0,200.0,200.0,200.0,200.0,200.0,200.0,200.0,200.0,200.0,200.0,200.0,200.0,200.0,200.0,200.0,200.0,7.91206,200.0,200.0,200.0,200.0,200.0,200.0,200.0,200.0,200.0
1,0.0,0.0,272.0724390876737,0.946272,1.1904172222094573,0.806061,0.839264,0.942444,1.1655,1.67822,2.52252,3.43697,5.51403,19.6458,145.096,116.857,95.3758,79.3776,67.4901,51.7921,39.2227,32.9707,29.9995,29.2,200.0,200.0,200.0,200.0,200.0,200.0,200.0,200.0,200.0,200.0,200.0,200.0,200.0,200.0,200.0,200.0,200.0,200.0,200.0,200.0,200.0,200.0,200.0,200.0,200.0,200.0,7.97063,200.0,200.0,200.0,200.0,200.0,200.0,200.0,200.0,200.0
1,0.0,0.0,272.0833513216279,0.944202,1.4003031217217807,0.837219,0.872598,0.980981,1.21513,1.75499,2.64981,3.62821,5.89222,179.204,143.685,115.749,94.5304,78.7373,67.0015,51.4937,39.0621,32.8758,29.9428,29.1711,200.0,200.0,200.0,200.0,200.0,200.0,200.0,200.0,200.0,200.0,200.0,200.0,200.0,200.0,200.0,200.0,200.0,200.0,200.0,200.0,200.0,200.0,200.0,200.0,200.0,200.0,8.03264,200.0,200.0,200.0,200.0,200.0,200.0,200.0,200.0,200.0
1,0.0,0.0,272.10046633314556,0.941741,1.6133632074191286,0.874237,0.912048,1.02661,1.2738,1.84535,2.7996,3.85345,6.34229,177.45,142.251,114.623,93.6695,78.0837,66.5007,51.1852,38.8934,32.7743,29.8803,29.1368,200.0,200.0,200.0,200.0,200.0,200.0,200.0,200.0,200.0,200.0,200.0,200.0,200.0,200.0,200.0,200.0,200.0,200.0,200.0,200.0,200.0,200.0,200.0,200.0,200.0,200.0,8.09666,200.0,200.0,200.0,200.0,200.0,200.0,200.0,200.0,200.0
1,0.0,0.0,272.10626936523374,0.938893,1.8243148084303953,0.917053,0.957672,1.07925,1.3414,1.94933,2.9716,4.11271,6.86755,175.712,140.83,113.505,92.8131,77.4307,65.9987,50.873,38.7199,32.6676,29.8126,29.0971,200.0,200.0,200.0,200.0,200.0,200.0,200.0,200.0,200.0,200.0,200.0,200.0,200.0,200.0,200.0,200.0,200.0,200.0,200.0,200.0,200.0,200.0,200.0,200.0,200.0,200.0,200.0,8.1624,200.0,200.0,200.0,200.0,200.0,200.0,200.0,200.0
1,0.0,0.0,272.11031681106056,0.935662,2.0339829839805685,0.965668,1.00946,1.13898,1.41803,2.06715,3.16694,4.40795,7.47778,173.981,139.414,112.391,91.9575,76.7766,65.4935,50.5559,38.5411,32.5557,29.7395,29.0519,200.0,200.0,200.0,200.0,200.0,200.0,200.0,200.0,200.0,200.0,200.0,200.0,200.0,200.0,200.0,200.0,200.0,200.0,200.0,200.0,200.0,200.0,200.0,200.0,200.0,200.0,200.0,8.22994,200.0,200.0,200.0,200.0,200.0,200.0,200.0,200.0
1,0.0,0.0,272.1125478887155,0.932107,2.2425338918302367,1.0192,1.06644,1.20471,1.50241,2.19724,3.38342,4.7375,8.17636,172.26,138.006,111.282,91.1044,76.1222,64.9865,50.2354,38.358,32.4394,29.6622,29.0023,200.0,200.0,200.0,200.0,200.0,200.0,200.0,200.0,200.0,200.0,200.0,200.0,200.0,200.0,200.0,200.0,200.0,200.0,200.0,200.0,200.0,200.0,200.0,200.0,200.0,200.0,200.0,8.3001,200.0,200.0,200.0,200.0,200.0,200.0,200.0,200.0
1,0.0,0.0,272.1181686053558,0.928163,2.4507181066910215,1.07852,1.1297,1.27765,1.59616,2.34189,3.62507,5.10782,8.98635,170.538,136.598,110.172,90.2489,75.464,64.4748,49.909,38.169,32.3176,29.5793,28.9471,200.0,200.0,200.0,200.0,200.0,200.0,200.0,200.0,200.0,200.0,200.0,200.0,200.0,200.0,200.0,200.0,200.0,200.0,200.0,200.0,200.0,200.0,200.0,200.0,200.0,200.0,200.0,8.37169,200.0,200.0,200.0,200.0,200.0,200.0,200.0,200.0
1,0.0,0.0,272.1185134691268,0.923829,2.6585814651865327,1.1438,1.19925,1.35797,1.69942,2.50171,3.89354,5.52252,9.92676,168.816,135.189,109.06,89.3902,74.8016,63.9577,49.5767,37.9743,32.1901,29.4911,28.8864,200.0,200.0,200.0,200.0,200.0,200.0,200.0,200.0,200.0,200.0,200.0,200.0,200.0,200.0,200.0,200.0,200.0,200.0,200.0,200.0,200.0,200.0,200.0,200.0,200.0,200.0,200.0,8.44469,200.0,200.0,200.0,200.0,200.0,200.0,200.0,200.0
1,0.0,0.0,272.1211137494202,0.919152,2.8662843954994073,1.21423,1.27438,1.44476,1.81119,2.67517,4.18699,5.98074,11.0152,167.095,133.781,107.949,88.5298,74.1361,63.4367,49.2395,37.7745,32.0578,29.398,28.8209,200.0,200.0,200.0,200.0,200.0,200.0,200.0,200.0,200.0,200.0,200.0,200.0,200.0,200.0,200.0,200.0,200.0,200.0,200.0,200.0,200.0,200.0,200.0,200.0,200.0,200.0,200.0,8.51953,200.0,200.0,200.0,200.0,200.0,200.0,200.0,200.0
1,0.0,0.0,272.1215980176189,0.914114,3.0739701370784283,1.29016,1.35541,1.53851,1.9321,2.8636,4.50802,6.4875,12.286,165.371,132.372,106.835,87.6666,73.4666,62.9108,48.8968,37.5692,31.9203,29.3,28.7502,200.0,200.0,200.0,200.0,200.0,200.0,200.0,200.0,200.0,200.0,200.0,200.0,200.0,200.0,200.0,200.0,200.0,200.0,200.0,200.0,200.0,200.0,200.0,200.0,200.0,200.0,200.0,8.59599,200.0,200.0,200.0,200.0,200.0,200.0,200.0,200.0
1,0.0,0.0,272.12426828865495,0.908688,3.2815298279425202,1.37195,1.44278,1.63968,2.06284,3.06812,4.85917,7.04838,13.7906,163.645,130.96,105.719,86.8,72.7924,62.3795,48.5482,37.3581,31.7773,29.1965,28.6741,200.0,200.0,200.0,200.0,200.0,200.0,200.0,200.0,200.0,200.0,200.0,200.0,200.0,200.0,200.0,200.0,200.0,200.0,200.0,200.0,200.0,200.0,200.0,200.0,200.0,200.0,200.0,200.0,8.67347,200.0,200.0,200.0,200.0,200.0,200.0,200.0
1,0.0,0.0,272.12635727945406,0.902911,3.489060870916856,1.45905,1.53592,1.74765,2.2027,3.28777,5.23954,7.66498,15.5934,161.918,129.548,104.602,85.9308,72.1149,61.844,48.1945,37.142,31.6293,29.0881,28.593,200.0,200.0,200.0,200.0,200.0,200.0,200.0,200.0,200.0,200.0,200.0,200.0,200.0,200.0,200.0,200.0,200.0,200.0,200.0,200.0,200.0,200.0,200.0,200.0,200.0,200.0,200.0,200.0,8.75251,200.0,200.0,200.0,200.0,200.0,200.0,200.0
1,0.0,0.0,272.12633752656154,0.896784,3.696425756130603,1.55148,1.63489,1.86255,2.35179,3.52317,5.65134,8.34248,17.8095,160.19,128.136,103.484,85.0596,71.4337,61.3043,47.8358,36.9206,31.4764,28.9749,28.507,200.0,200.0,200.0,200.0,200.0,200.0,200.0,200.0,200.0,200.0,200.0,200.0,200.0,200.0,200.0,200.0,200.0,200.0,200.0,200.0,200.0,200.0,200.0,200.0,200.0,200.0,200.0,200.0,8.83301,200.0,200.0,200.0,200.0,200.0,200.0,200.0
1,0.0,0.0,272.12663795603845,0.890267,3.9035843765381038,1.64984,1.74026,1.98508,2.51117,3.77586,6.09761,9.08931,20.6663,158.46,126.723,102.364,84.1852,70.7485,60.7594,47.4715,36.6936,31.318,28.8563,28.4154,200.0,200.0,200.0,200.0,200.0,200.0,200.0,200.0,200.0,200.0,200.0,200.0,200.0,200.0,200.0,200.0,200.0,200.0,200.0,200.0,200.0,200.0,200.0,200.0,200.0,200.0,200.0,200.0,8.91442,200.0,200.0,200.0,200.0,200.0,200.0,200.0
1,0.0,0.0,272.1274037696963,0.883393,4.110714349055848,1.75363,1.85165,2.11478,2.68019,4.0453,6.57867,9.91014,24.6879,156.729,125.308,101.243,83.308,70.0594,60.2101,47.1018,36.4615,31.1546,28.7327,28.3188,200.0,200.0,200.0,200.0,200.0,200.0,200.0,200.0,200.0,200.0,200.0,200.0,200.0,200.0,200.0,200.0,200.0,200.0,200.0,200.0,200.0,200.0,200.0,200.0,200.0,200.0,200.0,200.0,8.99706,200.0,200.0,200.0,200.0,200.0,200.0,200.0
1,0.0,0.0,272.12688432051624,0.876177,4.31762086803349,1.86267,1.96875,2.25134,2.8587,4.33144,7.09565,10.811,32.5117,154.998,123.893,100.121,82.4292,69.3676,59.657,46.7278,36.2245,30.9864,28.6045,28.2173,200.0,200.0,200.0,200.0,200.0,200.0,200.0,200.0,200.0,200.0,200.0,200.0,200.0,200.0,200.0,200.0,200.0,200.0,200.0,200.0,200.0,200.0,200.0,200.0,200.0,200.0,200.0,200.0,9.08107,200.0,200.0,200.0,200.0,200.0,200.0,200.0
1,0.0,0.0,272.127275219671,0.868572,4.524533116589085,1.9776,2.09235,2.39572,3.04778,4.63622,7.65313,11.8058,200.0,153.263,122.477,98.9962,81.5467,68.6711,59.0988,46.3479,35.9818,30.8128,28.4708,28.1103,200.0,200.0,200.0,200.0,200.0,200.0,200.0,200.0,200.0,200.0,200.0,200.0,200.0,200.0,200.0,200.0,200.0,200.0,200.0,200.0,200.0,200.0,200.0,200.0,200.0,200.0,200.0,200.0,9.16584,200.0,200.0,200.0,200.0,200.0,200.0,200.0
1,0.0,0.0,272.12574321176845,0.86061,4.731239100338432,2.09802,2.22205,2.54749,3.24707,4.95935,8.25203,12.9038,198.696,151.527,121.059,97.8702,80.6619,67.971,58.5361,45.9631,35.7341,30.6343,28.3322,27.9981,200.0,200.0,200.0,200.0,200.0,200.0,200.0,200.0,200.0,200.0,200.0,200.0,200.0,200.0,200.0,200.0,200.0,200.0,200.0,200.0,200.0,200.0,200.0,200.0,200.0,200.0,200.0,200.0,9.25168,200.0,200.0,200.0,200.0,200.0,200.0,200.0
1,0.0,0.0,272.12428032018204,0.852307,4.93781903337285,2.22369,2.35751,2.70624,3.45621,5.30066,8.89375,14.1163,196.471,149.791,119.642,96.7439,79.7751,67.2681,57.9699,45.5738,35.4817,30.4511,28.1889,27.8811,200.0,200.0,200.0,200.0,200.0,200.0,200.0,200.0,200.0,200.0,200.0,200.0,200.0,200.0,200.0,200.0,200.0,200.0,200.0,200.0,200.0,200.0,200.0,200.0,200.0,200.0,200.0,200.0,200.0,9.33873,200.0,200.0,200.0,200.0,200.0,200.0
1,0.0,0.0,272.12237423778964,0.843616,5.144215619912827,2.35532,2.49963,2.87308,3.67648,5.66218,9.58411,15.4668,194.243,148.052,118.222,95.6149,78.8851,66.561,57.3987,45.179,35.2238,30.2625,28.0403,27.7586,200.0,200.0,200.0,200.0,200.0,200.0,200.0,200.0,200.0,200.0,200.0,200.0,200.0,200.0,200.0,200.0,200.0,200.0,200.0,200.0,200.0,200.0,200.0,200.0,200.0,200.0,200.0,200.0,200.0,9.42645,200.0,200.0,200.0,200.0,200.0,200.0
1,0.0,0.0,272.1198234751574,0.83457,5.350549181095339,2.49237,2.64786,3.04735,3.9073,6.04377,10.3242,16.975,192.011,146.312,116.801,94.4844,77.9926,65.8503,56.8233,44.7792,34.9608,30.069,27.8867,27.631,200.0,200.0,200.0,200.0,200.0,200.0,200.0,200.0,200.0,200.0,200.0,200.0,200.0,200.0,200.0,200.0,200.0,200.0,200.0,200.0,200.0,200.0,200.0,200.0,200.0,200.0,200.0,200.0,200.0,9.51522,200.0,200.0,200.0,200.0,200.0,200.0
1,0.0,0.0,272.11723653689853,0.825181,5.556636370425944,2.63477,2.80197,3.22891,4.14851,6.44525,11.1169,18.6683,189.778,144.571,115.381,93.3537,77.0984,65.1368,56.2444,44.3752,34.6933,29.8709,27.7285,27.4984,200.0,200.0,200.0,200.0,200.0,200.0,200.0,200.0,200.0,200.0,200.0,200.0,200.0,200.0,200.0,200.0,200.0,200.0,200.0,200.0,200.0,200.0,200.0,200.0,200.0,200.0,200.0,200.0,200.0,9.60508,200.0,200.0,200.0,200.0,200.0,200.0
1,0.0,0.0,272.1168989214808,0.815409,5.762580320307768,2.78305,2.96271,3.41867,4.40125,6.8689,11.9691,20.5939,187.539,142.827,113.958,92.2204,76.2009,64.4192,55.6606,43.9658,34.4203,29.6675,27.565,27.3603,200.0,200.0,200.0,200.0,200.0,200.0,200.0,200.0,200.0,200.0,200.0,200.0,200.0,200.0,200.0,200.0,200.0,200.0,200.0,200.0,200.0,200.0,200.0,200.0,200.0,200.0,200.0,200.0,200.0,9.69559,200.0,200.0,200.0,200.0,200.0,200.0
1,0.0,0.0,272.11238300367745,0.805281,5.968329464539246,2.93683,3.12964,3.61606,4.66507,7.31449,12.8835,22.8069,185.299,141.083,112.535,91.0858,75.3012,63.6982,55.0728,43.5517,34.1425,29.4593,27.3966,27.2171,200.0,200.0,200.0,200.0,200.0,200.0,200.0,200.0,200.0,200.0,200.0,200.0,200.0,200.0,200.0,200.0,200.0,200.0,200.0,200.0,200.0,200.0,200.0,200.0,200.0,200.0,200.0,200.0,200.0,9.78703,200.0,200.0,200.0,200.0,200.0,200.0
1,0.0,0.0,272.1084039228437,0.794812,6.174135904550238,3.09595,3.30264,3.82101,4.93982,7.78205,13.8648,25.397,183.054,139.337,111.11,89.9501,74.399,62.9742,54.4813,43.1331,33.8601,29.2464,27.2235,27.069,200.0,200.0,200.0,200.0,200.0,200.0,200.0,200.0,200.0,200.0,200.0,200.0,200.0,200.0,200.0,200.0,200.0,200.0,200.0,200.0,200.0,200.0,200.0,200.0,200.0,200.0,200.0,200.0,200.0,9.87951,200.0,200.0,200.0,200.0,200.0,200.0
1,0.0,0.0,272.1038336715571,0.78396,6.379885048781717,3.26099,3.48233,4.0343,5.22666,8.27426,14.9218,28.5194,180.803,137.587,109.684,88.8113,73.4935,62.2459,53.885,42.7092,33.5723,29.0283,27.0451,26.9153,200.0,200.0,200.0,200.0,200.0,200.0,200.0,200.0,200.0,200.0,200.0,200.0,200.0,200.0,200.0,200.0,200.0,200.0,200.0,200.0,200.0,200.0,200.0,200.0,200.0,200.0,200.0,200.0,200.0,9.97259,200.0,200.0,200.0,200.0,200.0,200.0
1,0.0,0.0,272.10243779490327,0.772751,6.585576897233683,3.43155,3.66835,4.25554,5.52519,8.79069,16.0599,32.4628,178.547,135.834,108.255,87.6708,72.5851,61.514,53.2844,42.2808,33.2796,28.8054,26.8618,26.7565,200.0,200.0,200.0,200.0,200.0,200.0,200.0,200.0,200.0,200.0,200.0,200.0,200.0,200.0,200.0,200.0,200.0,200.0,200.0,200.0,200.0,200.0,200.0,200.0,200.0,200.0,200.0,200.0,200.0,200.0,10.0666,200.0,200.0,200.0,200.0,200.0
1,0.0,0.0,272.0957770257263,0.761207,6.791039562567596,3.60745,3.86044,4.48447,5.83513,9.33156,17.2858,37.9479,176.29,134.082,106.826,86.5302,71.6753,60.7795,52.6806,41.8481,32.9825,28.578,26.6739,26.5928,200.0,200.0,200.0,200.0,200.0,200.0,200.0,200.0,200.0,200.0,200.0,200.0,200.0,200.0,200.0,200.0,200.0,200.0,200.0,200.0,200.0,200.0,200.0,200.0,200.0,200.0,200.0,200.0,200.0,200.0,10.1617,200.0,200.0,200.0,200.0,200.0
1,0.0,0.0,272.0891011752539,0.749278,6.996273044783456,3.78934,4.05933,4.72195,6.15773,9.89958,18.6133,49.6538,174.029,132.327,105.396,85.3868,70.7625,60.0411,52.0722,41.4102,32.6802,28.3453,26.4807,26.4235,200.0,200.0,200.0,200.0,200.0,200.0,200.0,200.0,200.0,200.0,200.0,200.0,200.0,200.0,200.0,200.0,200.0,200.0,200.0,200.0,200.0,200.0,200.0,200.0,200.0,200.0,200.0,200.0,200.0,200.0,10.2573,200.0,200.0,200.0,200.0,200.0
1,0.0,0.0,272.08430162026224,0.737002,7.201220048101751,3.97668,4.2645,4.9675,6.49245,10.4945,20.051,200.0,171.766,130.572,103.966,84.2431,69.8478,59.3001,51.4603,40.9683,32.3734,28.1081,26.2828,26.249,200.0,200.0,200.0,200.0,200.0,200.0,200.0,200.0,200.0,200.0,200.0,200.0,200.0,200.0,200.0,200.0,200.0,200.0,200.0,200.0,200.0,200.0,200.0,200.0,200.0,200.0,200.0,200.0,200.0,200.0,10.3539,200.0,200.0,200.0,200.0,200.0
1,0.0,0.0,272.07736530017877,0.724384,7.405937868301995,4.1694,4.47592,5.22101,6.83926,11.1168,21.6126,200.0,169.502,128.816,102.535,83.0987,68.9315,58.5564,50.8452,40.5222,32.0622,27.8664,26.0802,26.0696,200.0,200.0,200.0,200.0,200.0,200.0,200.0,200.0,200.0,200.0,200.0,200.0,200.0,200.0,200.0,200.0,200.0,200.0,200.0,200.0,200.0,200.0,200.0,200.0,200.0,200.0,200.0,200.0,200.0,200.0,10.4517,200.0,200.0,200.0,200.0,200.0
1,0.0,0.0,272.0730564275272,0.711385,7.61031191382516,4.36813,4.69424,5.48331,7.19938,11.7696,23.3201,200.0,167.234,127.058,101.103,81.9524,68.0123,57.8088,50.2257,40.0711,31.7458,27.6195,25.8723,25.8846,200.0,200.0,200.0,200.0,200.0,200.0,200.0,200.0,200.0,200.0,200.0,200.0,200.0,200.0,200.0,200.0,200.0,200.0,200.0,200.0,200.0,200.0,200.0,200.0,200.0,200.0,200.0,200.0,200.0,200.0,10.5501,200.0,200.0,200.0,200.0,200.0
1,0.0,0.0,272.06576933853154,0.698047,7.814399480450759,4.57227,4.91885,5.75378,7.57213,12.452,25.1926,200.0,164.965,125.3,99.6709,80.8055,67.0913,57.0589,49.603,39.6161,31.4251,27.3682,25.6598,25.6946,200.0,200.0,200.0,200.0,200.0,200.0,200.0,200.0,200.0,200.0,200.0,200.0,200.0,200.0,200.0,200.0,200.0,200.0,200.0,200.0,200.0,200.0,200.0,200.0,200.0,200.0,200.0,200.0,200.0,200.0,10.6494,200.0,200.0,200.0,200.0,200.0
1,0.0,0.0,272.057777501082,0.684361,8.018200568178793,4.78192,5.14992,6.03251,7.95775,13.1661,27.2598,200.0,162.692,123.541,98.2386,79.6579,66.1689,56.3061,48.9769,39.1571,31.1,27.1123,25.4426,25.4995,200.0,200.0,200.0,200.0,200.0,200.0,200.0,200.0,200.0,200.0,200.0,200.0,200.0,200.0,200.0,200.0,200.0,200.0,200.0,200.0,200.0,200.0,200.0,200.0,200.0,200.0,200.0,200.0,200.0,200.0,10.7499,200.0,200.0,200.0,200.0,200.0
1,0.0,0.0,272.05169297778735,0.670294,8.221715177009262,4.99759,5.38797,6.3204,8.35744,13.9145,29.5654,200.0,160.417,121.779,96.8044,78.5079,65.2433,55.5495,48.3464,38.693,30.7698,26.8513,25.22,25.2987,200.0,200.0,200.0,200.0,200.0,200.0,200.0,200.0,200.0,200.0,200.0,200.0,200.0,200.0,200.0,200.0,200.0,200.0,200.0,200.0,200.0,200.0,200.0,200.0,200.0,200.0,200.0,200.0,200.0,200.0,10.8511,200.0,200.0,200.0,200.0,200.0
1,0.0,0.0,272.04407150322356,0.6559,8.424828715383137,5.21857,5.6322,6.61639,8.77016,14.6963,32.158,200.0,158.141,120.018,95.3708,77.3582,64.3167,54.791,47.713,38.2254,30.4355,26.5861,24.993,25.093,200.0,200.0,200.0,200.0,200.0,200.0,200.0,200.0,200.0,200.0,200.0,200.0,200.0,200.0,200.0,200.0,200.0,200.0,200.0,200.0,200.0,200.0,200.0,200.0,200.0,200.0,200.0,200.0,200.0,200.0,200.0,10.9535,200.0,200.0,200.0,200.0
1,0.0,0.0,272.037833733,0.64115,8.627884957977502,5.44522,5.88318,6.92126,9.19684,15.5147,35.1241,200.0,155.859,118.254,93.9355,76.2062,63.3874,54.0291,47.0759,37.7533,30.0966,26.3161,24.7611,24.882,200.0,200.0,200.0,200.0,200.0,200.0,200.0,200.0,200.0,200.0,200.0,200.0,200.0,200.0,200.0,200.0,200.0,200.0,200.0,200.0,200.0,200.0,200.0,200.0,200.0,200.0,200.0,200.0,200.0,200.0,200.0,11.057,200.0,200.0,200.0,200.0
1,0.0,0.0,272.0279250060109,0.626023,8.830597425894787,5.67795,6.14124,7.2354,9.63827,16.3723,38.5937,200.0,153.575,116.488,92.4982,75.0525,62.4552,53.2636,46.4347,37.2766,29.7528,26.0411,24.524,24.6655,200.0,200.0,200.0,200.0,200.0,200.0,200.0,200.0,200.0,200.0,200.0,200.0,200.0,200.0,200.0,200.0,200.0,200.0,200.0,200.0,200.0,200.0,200.0,200.0,200.0,200.0,200.0,200.0,200.0,200.0,200.0,11.1614,200.0,200.0,200.0,200.0
1,0.0,0.0,272.0193278923387,0.610576,9.03325259803256,5.91586,6.40548,7.55783,10.0934,17.2687,42.7865,200.0,151.286,114.72,91.061,73.898,61.5217,52.4957,45.7905,36.7962,29.4049,25.762,24.2825,24.4441,200.0,200.0,200.0,200.0,200.0,200.0,200.0,200.0,200.0,200.0,200.0,200.0,200.0,200.0,200.0,200.0,200.0,200.0,200.0,200.0,200.0,200.0,200.0,200.0,200.0,200.0,200.0,200.0,200.0,200.0,200.0,11.267,200.0,200.0,200.0,200.0
1,0.0,0.0,272.0098304707959,0.594767,9.235449403934226,6.15961,6.67667,7.88948,10.5635,18.2075,48.1849,200.0,148.996,112.951,89.623,72.7426,60.5859,51.725,45.1427,36.3116,29.0525,25.4781,24.036,24.2172,200.0,200.0,200.0,200.0,200.0,200.0,200.0,200.0,200.0,200.0,200.0,200.0,200.0,200.0,200.0,200.0,200.0,200.0,200.0,200.0,200.0,200.0,200.0,200.0,200.0,200.0,200.0,200.0,200.0,200.0,200.0,11.3737,200.0,200.0,200.0,200.0
1,0.0,0.0,271.99987336514573,0.578581,9.43758891405638,6.40948,6.95514,8.2308,11.0495,19.1924,56.3026,200.0,146.699,111.177,88.1821,71.584,59.647,50.9503,44.4905,35.822,28.6952,25.1892,23.7843,23.9847,200.0,200.0,200.0,200.0,200.0,200.0,200.0,200.0,200.0,200.0,200.0,200.0,200.0,200.0,200.0,200.0,200.0,200.0,200.0,200.0,200.0,200.0,200.0,200.0,200.0,200.0,200.0,200.0,200.0,200.0,200.0,11.4816,200.0,200.0,200.0,200.0
1,0.0,0.0,271.9909323335414,0.562099,9.639384649501457,6.66425,7.2395,8.58023,11.5492,20.2214,200.0,200.0,144.402,109.403,86.7424,70.4263,58.7074,50.1742,43.8363,35.3297,28.3343,24.8965,23.5286,23.7477,200.0,200.0,200.0,200.0,200.0,200.0,200.0,200.0,200.0,200.0,200.0,200.0,200.0,200.0,200.0,200.0,200.0,200.0,200.0,200.0,200.0,200.0,200.0,200.0,200.0,200.0,200.0,200.0,200.0,200.0,200.0,11.5909,200.0,200.0,200.0,200.0
1,0.0,0.0,271.979469179088,0.545238,9.841008497607993,6.92517,7.53125,8.93961,12.0654,21.3017,200.0,200.0,142.099,107.626,85.3002,69.2661,57.7649,49.3945,43.1779,34.8326,27.9686,24.5989,23.2675,23.505,200.0,200.0,200.0,200.0,200.0,200.0,200.0,200.0,200.0,200.0,200.0,200.0,200.0,200.0,200.0,200.0,200.0,200.0,200.0,200.0,200.0,200.0,200.0,200.0,200.0,200.0,200.0,200.0,200.0,200.0,200.0,11.7014,200.0,200.0,200.0,200.0
1,0.0,0.0,271.96932715646483,0.528018,10.042345866816966,7.19199,7.83008,9.30856,12.5979,22.4353,200.0,200.0,139.794,105.846,83.8568,68.1044,56.82,48.6115,42.5157,34.3313,27.5983,24.2965,23.0016,23.2567,200.0,200.0,200.0,200.0,200.0,200.0,200.0,200.0,200.0,200.0,200.0,200.0,200.0,200.0,200.0,200.0,200.0,200.0,200.0,200.0,200.0,200.0,200.0,200.0,200.0,200.0,200.0,200.0,200.0,200.0,200.0,11.813,200.0,200.0,200.0,200.0
1,0.0,0.0,271.9567104314096,0.510488,10.243454052907884,7.46393,8.13519,9.68621,13.1456,23.623,200.0,200.0,137.486,104.066,82.4139,66.9426,55.8741,47.8268,41.8511,33.8267,27.2243,23.9902,22.7313,23.0038,200.0,200.0,200.0,200.0,200.0,200.0,200.0,200.0,200.0,200.0,200.0,200.0,200.0,200.0,200.0,200.0,200.0,200.0,200.0,200.0,200.0,200.0,200.0,200.0,200.0,200.0,200.0,200.0,200.0,200.0,200.0,11.9264,200.0,200.0,200.0,200.0
1,0.0,0.0,271.9474654425088,0.492585,10.444275760101238,7.74207,8.44777,10.0741,13.7108,24.8721,200.0,200.0,135.173,102.281,80.9688,65.7784,54.9251,47.0385,41.1826,33.3176,26.8455,23.6789,22.4559,22.7451,200.0,200.0,200.0,200.0,200.0,200.0,200.0,200.0,200.0,200.0,200.0,200.0,200.0,200.0,200.0,200.0,200.0,200.0,200.0,200.0,200.0,200.0,200.0,200.0,200.0,200.0,200.0,200.0,200.0,200.0,200.0,200.0,12.0411,200.0,200.0,200.0
1,0.0,0.0,271.9371812708594,0.474339,10.644753692617513,8.02586,8.76723,10.4714,14.2929,26.185,200.0,198.07,132.857,100.496,79.5233,64.6134,53.9747,46.2477,40.5109,32.8048,26.4626,23.3633,22.1757,22.4812,200.0,200.0,200.0,200.0,200.0,200.0,200.0,200.0,200.0,200.0,200.0,200.0,200.0,200.0,200.0,200.0,200.0,200.0,200.0,200.0,200.0,200.0,200.0,200.0,200.0,200.0,200.0,200.0,200.0,200.0,200.0,200.0,12.1573,200.0,200.0,200.0
1,0.0,0.0,271.923357623725,0.45577,10.844658667338656,8.31512,9.09341,10.8782,14.8916,27.5654,200.0,194.725,130.542,98.7092,78.0782,63.4484,53.0231,45.455,39.8367,32.2886,26.0758,23.0435,21.8911,22.2122,200.0,200.0,200.0,200.0,200.0,200.0,200.0,200.0,200.0,200.0,200.0,200.0,200.0,200.0,200.0,200.0,200.0,200.0,200.0,200.0,200.0,200.0,200.0,200.0,200.0,200.0,200.0,200.0,200.0,200.0,200.0,200.0,12.2751,200.0,200.0,200.0
1,0.0,0.0,271.9099647330546,0.436827,11.044334458941748,8.61063,9.42712,11.2955,15.509,29.0216,200.0,191.369,128.221,96.9193,76.6308,62.2809,52.0686,44.6587,39.1584,31.7679,25.6843,22.7188,21.6012,21.9374,200.0,200.0,200.0,200.0,200.0,200.0,200.0,200.0,200.0,200.0,200.0,200.0,200.0,200.0,200.0,200.0,200.0,200.0,200.0,200.0,200.0,200.0,200.0,200.0,200.0,200.0,200.0,200.0,200.0,200.0,200.0,200.0,12.3944,200.0,200.0,200.0
1,0.0,0.7000000000000001,271.89947212438346,0.417566,11.243723771647275,8.91147,9.76758,11.7222,16.144,30.5568,200.0,188.006,125.898,95.1283,75.1836,61.1132,51.1129,43.8605,38.4776,31.2439,25.289,22.3901,21.3069,21.6577,200.0,200.0,200.0,200.0,200.0,200.0,200.0,200.0,200.0,200.0,200.0,200.0,200.0,200.0,200.0,200.0,200.0,200.0,200.0,200.0,200.0,200.0,200.0,200.0,200.0,200.0,200.0,200.0,200.0,200.0,200.0,200.0,12.5155,200.0,200.0,200.0
1,0.0,0.7000000000000001,271.83413385696133,0.398119,11.254151603518658,9.2095,10.0956,12.1192,16.7032,31.7519,200.0,188.188,125.127,94.2222,74.3629,60.3877,50.474,43.2943,37.9704,30.8224,24.943,22.0825,21.0144,21.3616,200.0,200.0,200.0,200.0,200.0,200.0,200.0,200.0,200.0,200.0,200.0,200.0,200.0,200.0,200.0,200.0,200.0,200.0,200.0,200.0,200.0,200.0,200.0,200.0,200.0,200.0,200.0,200.0,200.0,200.0,200.0,200.0,12.6397,200.0,200.0,200.0
1,0.0,0.7000000000000001,271.6572854615774,0.378867,10.81389083374013,9.48962,10.3792,12.4236,17.0412,31.9553,200.0,197.533,128.262,95.462,75.0568,60.7279,50.598,43.2874,37.8832,30.6518,24.722,21.8337,20.7356,21.0378,200.0,200.0,200.0,200.0,200.0,200.0,200.0,200.0,200.0,200.0,200.0,200.0,200.0,200.0,200.0,200.0,200.0,200.0,200.0,200.0,200.0,200.0,200.0,200.0,200.0,200.0,200.0,200.0,200.0,200.0,200.0,200.0,12.7696,200.0,200.0,200.0
1,0.0,0.7000000000000001,271.4103644604046,0.359916,10.111387281130229,9.75661,10.6326,12.6672,17.2402,31.5986,200.0,200.0,134.33,98.1395,76.7164,61.7417,51.1988,43.6268,38.0541,30.6342,24.5781,21.6232,20.4695,20.7044,200.0,200.0,200.0,200.0,200.0,200.0,200.0,200.0,200.0,200.0,200.0,200.0,200.0,200.0,200.0,200.0,200.0,200.0,200.0,200.0,200.0,200.0,200.0,200.0,200.0,200.0,200.0,200.0,200.0,200.0,200.0,200.0,12.905,200.0,200.0,200.0
1,0.0,0.7000000000000001,271.1327533122039,0.341333,9.331305243059614,10.016,10.8717,12.8852,17.3886,31.1142,200.0,200.0,142.261,101.596,78.7814,63.031,51.9895,44.1006,38.3232,30.6739,24.4642,21.4304,20.2141,20.3765,200.0,200.0,200.0,200.0,200.0,200.0,200.0,200.0,200.0,200.0,200.0,200.0,200.0,200.0,200.0,200.0,200.0,200.0,200.0,200.0,200.0,200.0,200.0,200.0,200.0,200.0,200.0,200.0,200.0,200.0,200.0,200.0,200.0,13.0463,200.0,200.0
1,0.0,0.7000000000000001,270.8278602569307,0.323167,8.554374472862216,10.2698,11.1032,13.0931,17.5247,30.6659,200.0,200.0,151.641,105.515,80.987,64.4123,52.8381,44.6116,38.6176,30.7276,24.3593,21.2457,19.9677,20.0599,200.0,200.0,200.0,200.0,200.0,200.0,200.0,200.0,200.0,200.0,200.0,200.0,200.0,200.0,200.0,200.0,200.0,200.0,200.0,200.0,200.0,200.0,200.0,200.0,200.0,200.0,200.0,200.0,200.0,200.0,200.0,200.0,200.0,13.1929,200.0,200.0
1,0.0,0.7000000000000001,270.4978077611721,0.305405,7.806206183980388,10.519,11.3297,13.2963,17.6606,30.2901,200.0,200.0,162.478,109.804,83.2357,65.8163,53.6958,45.125,38.9112,30.78,24.2557,21.0655,19.729,19.7555,200.0,200.0,200.0,200.0,200.0,200.0,200.0,200.0,200.0,200.0,200.0,200.0,200.0,200.0,200.0,200.0,200.0,200.0,200.0,200.0,200.0,200.0,200.0,200.0,200.0,200.0,200.0,200.0,200.0,200.0,200.0,200.0,200.0,13.3443,200.0,200.0
1,0.0,0.7000000000000001,270.1367912511919,0.288115,7.090925672539068,10.7629,11.5508,13.4945,17.7966,29.9787,140.609,200.0,175.048,114.48,85.504,67.2293,54.5537,45.6342,39.1998,30.8291,24.1529,20.8897,19.4985,19.4636,200.0,200.0,200.0,200.0,200.0,200.0,200.0,200.0,200.0,200.0,200.0,200.0,200.0,200.0,200.0,200.0,200.0,200.0,200.0,200.0,200.0,200.0,200.0,200.0,200.0,200.0,200.0,200.0,200.0,200.0,200.0,200.0,200.0,13.5005,200.0,200.0
1,0.0,0.7000000000000001,269.757858484234,0.271294,6.404808712869907,11.0012,11.7661,13.6875,17.9312,29.717,81.8628,200.0,189.619,119.618,87.8026,68.6562,55.4155,46.1423,39.4858,30.8764,24.0516,20.7187,19.2759,19.1836,200.0,200.0,200.0,200.0,200.0,200.0,200.0,200.0,200.0,200.0,200.0,200.0,200.0,200.0,200.0,200.0,200.0,200.0,200.0,200.0,200.0,200.0,200.0,200.0,200.0,200.0,200.0,200.0,200.0,200.0,200.0,200.0,200.0,13.6608,200.0,200.0
1,0.0,0.0,269.3618823695736,0.254972,5.7503763192714805,11.2336,11.9756,13.8753,18.0649,29.5004,69.595,200.0,200.0,125.257,90.2004,70.0842,56.2734,46.6443,39.7654,30.9201,23.9513,20.5522,19.0611,18.9155,200.0,200.0,200.0,200.0,200.0,200.0,200.0,200.0,200.0,200.0,200.0,200.0,200.0,200.0,200.0,200.0,200.0,200.0,200.0,200.0,200.0,200.0,200.0,200.0,200.0,200.0,200.0,200.0,200.0,200.0,200.0,200.0,200.0,13.8249,200.0,200.0
1,0.0,0.0,268.96588579955636,0.239165,5.133489849987978,11.4598,12.1796,14.0589,18.1997,29.3296,63.9394,200.0,200.0,131.395,92.7026,71.4866,57.1095,47.1278,40.0304,30.9558,23.8499,20.3892,18.8538,18.6589,200.0,200.0,200.0,200.0,200.0,200.0,200.0,200.0,200.0,200.0,200.0,200.0,200.0,200.0,200.0,200.0,200.0,200.0,200.0,200.0,200.0,200.0,200.0,200.0,200.0,200.0,200.0,200.0,200.0,200.0,200.0,200.0,200.0,200.0,13.9923,200.0
1,0.0,0.0,268.60682592966623,0.223823,4.578769301476169,11.6811,12.3808,14.2437,18.3468,29.2335,60.4826,200.0,200.0,137.772,95.1592,72.763,57.8551,47.5453,40.2465,30.9645,23.7382,20.2248,18.6513,18.4135,200.0,200.0,200.0,200.0,200.0,200.0,200.0,200.0,200.0,200.0,200.0,200.0,200.0,200.0,200.0,200.0,200.0,200.0,200.0,200.0,200.0,200.0,200.0,200.0,200.0,200.0,200.0,200.0,200.0,200.0,200.0,200.0,200.0,200.0,14.1627,200.0
1,0.0,0.0,268.3778910699799,0.20895,4.1446048026378355,11.8978,12.5838,14.4403,18.5292,29.2785,58.6368,200.0,200.0,143.507,97.1664,73.6779,58.3501,47.7861,40.3353,30.9031,23.596,20.0491,18.4498,18.1797,200.0,200.0,200.0,200.0,200.0,200.0,200.0,200.0,200.0,200.0,200.0,200.0,200.0,200.0,200.0,200.0,200.0,200.0,200.0,200.0,200.0,200.0,200.0,200.0,200.0,200.0,200.0,200.0,200.0,200.0,200.0,200.0,200.0,200.0,14.3359,200.0
1,0.0,0.0,268.1945584248308,0.194554,3.842300810770911,12.1097,12.7892,14.6503,18.751,29.4695,57.9506,200.0,200.0,148.087,98.5395,74.1538,58.5443,47.8176,40.2752,30.761,23.4188,19.8599,18.2482,17.9569,200.0,200.0,200.0,200.0,200.0,200.0,200.0,200.0,200.0,200.0,200.0,200.0,200.0,200.0,200.0,200.0,200.0,200.0,200.0,200.0,200.0,200.0,200.0,200.0,200.0,200.0,200.0,200.0,200.0,200.0,200.0,200.0,200.0,200.0,14.5122,200.0
1,0.0,0.0,268.0230698193721,0.180631,3.6654803056155876,12.3165,12.9966,14.8733,19.01,29.7957,58.1622,200.0,200.0,151.224,99.2106,74.1877,58.4385,47.6424,40.0691,30.5412,23.2082,19.658,18.0463,17.7442,200.0,200.0,200.0,200.0,200.0,200.0,200.0,200.0,200.0,200.0,200.0,200.0,200.0,200.0,200.0,200.0,200.0,200.0,200.0,200.0,200.0,200.0,200.0,200.0,200.0,200.0,200.0,200.0,200.0,200.0,200.0,200.0,200.0,200.0,14.6915,200.0
1,0.0,0.0,267.8589549216761,0.167174,3.607588649995569,12.518,13.2058,15.1087,19.3053,30.2514,59.1807,200.0,200.0,152.708,99.1458,73.7903,58.0418,47.2684,39.7238,30.2479,22.9668,19.4442,17.8442,17.5409,200.0,200.0,200.0,200.0,200.0,200.0,200.0,200.0,200.0,200.0,200.0,200.0,200.0,200.0,200.0,200.0,200.0,200.0,200.0,200.0,200.0,200.0,200.0,200.0,200.0,200.0,200.0,200.0,200.0,200.0,200.0,200.0,200.0,200.0,14.8733,200.0
1,0.0,0.0,267.70762770048225,0.154117,3.6677492184843055,12.7151,13.4181,15.3585,19.6401,30.8448,61.0826,200.0,200.0,152.337,98.3046,72.9615,57.3555,46.6975,39.2408,29.882,22.6944,19.2184,17.6412,17.3458,200.0,200.0,200.0,200.0,200.0,200.0,200.0,200.0,200.0,200.0,200.0,200.0,200.0,200.0,200.0,200.0,200.0,200.0,200.0,200.0,200.0,200.0,200.0,200.0,200.0,200.0,200.0,200.0,200.0,200.0,200.0,200.0,200.0,200.0,15.0577,200.0
1,0.0,0.0,267.5760446437889,0.141534,3.8413554304089454,12.907,13.6326,15.6219,20.0137,31.5788,64.0411,200.0,200.0,150.113,96.7169,71.7325,56.4033,45.947,38.6334,29.4516,22.3953,18.9829,17.439,17.16,200.0,200.0,200.0,200.0,200.0,200.0,200.0,200.0,200.0,200.0,200.0,200.0,200.0,200.0,200.0,200.0,200.0,200.0,200.0,200.0,200.0,200.0,200.0,200.0,200.0,200.0,200.0,200.0,200.0,200.0,200.0,200.0,200.0,200.0,15.2444,200.0
1,0.0,0.0,267.46697982903316,0.129362,4.115750648075048,13.0945,13.85,15.8989,20.4259,32.4551,68.4133,200.0,200.0,146.293,94.4941,70.1674,55.2294,45.0473,37.9227,28.9675,22.0742,18.7398,17.2378,16.9824,200.0,200.0,200.0,200.0,200.0,200.0,200.0,200.0,200.0,200.0,200.0,200.0,200.0,200.0,200.0,200.0,200.0,200.0,200.0,200.0,200.0,200.0,200.0,200.0,200.0,200.0,200.0,200.0,200.0,200.0,200.0,200.0,200.0,200.0,15.4334,200.0
1,0.0,0.0,267.38504179865345,0.117559,4.475952025139942,13.2785,14.0703,16.1891,20.8748,33.4736,74.2708,200.0,200.0,141.262,91.7846,68.3441,53.8871,44.0348,37.1337,28.443,21.7369,18.4916,17.0383,16.8126,200.0,200.0,200.0,200.0,200.0,200.0,200.0,200.0,200.0,200.0,200.0,200.0,200.0,200.0,200.0,200.0,200.0,200.0,200.0,200.0,200.0,200.0,200.0,200.0,200.0,200.0,200.0,200.0,200.0,200.0,200.0,200.0,200.0,200.0,15.6241,200.0
1,0.0,0.0,267.32622220083556,0.106044,4.902564940238451,13.4603,14.2938,16.4914,21.3575,34.6302,81.2739,200.0,200.0,135.488,88.7642,66.3525,52.4366,42.9498,36.2948,27.8927,21.3895,18.2407,16.841,16.6491,200.0,200.0,200.0,200.0,200.0,200.0,200.0,200.0,200.0,200.0,200.0,200.0,200.0,200.0,200.0,200.0,200.0,200.0,200.0,200.0,200.0,200.0,200.0,200.0,200.0,200.0,200.0,200.0,200.0,200.0,200.0,200.0,200.0,200.0,15.8163,200.0
1,0.0,0.0,267.2912838145626,0.0947268,5.36167602147678,13.6409,14.5195,16.8015,21.8632,35.8945,89.2748,200.0,200.0,129.584,85.6776,64.3221,50.9641,41.8513,35.4469,27.3382,21.0415,17.9911,16.6465,16.4902,200.0,200.0,200.0,200.0,200.0,200.0,200.0,200.0,200.0,200.0,200.0,200.0,200.0,200.0,200.0,200.0,200.0,200.0,200.0,200.0,200.0,200.0,200.0,200.0,200.0,200.0,200.0,200.0,200.0,200.0,200.0,200.0,200.0,200.0,16.0098,200.0
1,0.0,0.0,267.2729219145928,0.0834901,5.818844775789614,13.8214,14.7461,17.1148,22.3792,37.2252,97.9329,200.0,200.0,124.037,82.7283,62.366,49.5443,40.7897,34.6251,26.7984,20.7008,17.7458,16.4549,16.3332,200.0,200.0,200.0,200.0,200.0,200.0,200.0,200.0,200.0,200.0,200.0,200.0,200.0,200.0,200.0,200.0,200.0,200.0,200.0,200.0,200.0,200.0,200.0,200.0,200.0,200.0,200.0,200.0,200.0,200.0,200.0,200.0,200.0,200.0,16.2039,200.0
1,0.0,0.7000000000000001,267.26908333362354,0.0722098,6.2456983331620775,14.003,14.9727,17.4271,22.8937,38.5768,106.744,200.0,200.0,119.14,80.0493,60.5608,48.2278,39.7994,33.8538,26.2857,20.3724,17.5064,16.2653,16.1754,200.0,200.0,200.0,200.0,200.0,200.0,200.0,200.0,200.0,200.0,200.0,200.0,200.0,200.0,200.0,200.0,200.0,200.0,200.0,200.0,200.0,200.0,200.0,200.0,200.0,200.0,200.0,200.0,200.0,200.0,200.0,200.0,200.0,200.0,16.3985,200.0
1,0.0,0.7000000000000001,267.2231751869563,0.0608976,6.483819592818448,14.1806,15.1815,17.699,23.3148,39.6064,111.858,200.0,200.0,116.597,78.4099,59.3546,47.3163,39.0901,33.2839,25.8852,20.0972,17.2922,16.0839,16.0119,200.0,200.0,200.0,200.0,200.0,200.0,200.0,200.0,200.0,200.0,200.0,200.0,200.0,200.0,200.0,200.0,200.0,200.0,200.0,200.0,200.0,200.0,200.0,200.0,200.0,200.0,200.0,200.0,200.0,200.0,200.0,200.0,200.0,200.0,16.5932,200.0
1,0.0,0.7000000000000001,267.0811052795787,0.0497365,6.309583127319165,14.3441,15.3434,17.8691,23.5018,39.7731,107.896,200.0,200.0,118.919,78.9122,59.3678,47.2288,38.9541,33.1262,25.717,19.9337,17.1327,15.9218,15.8383,200.0,200.0,200.0,200.0,200.0,200.0,200.0,200.0,200.0,200.0,200.0,200.0,200.0,200.0,200.0,200.0,200.0,200.0,200.0,200.0,200.0,200.0,200.0,200.0,200.0,200.0,200.0,200.0,200.0,200.0,200.0,200.0,200.0,200.0,16.7884,200.0
1,0.0,0.7000000000000001,266.882872092112,0.0388147,5.834314636258147,14.4957,15.4685,17.9612,23.5123,39.308,99.1666,200.0,200.0,125.521,81.1547,60.2999,47.7577,39.2449,33.2747,25.7207,19.8533,17.0149,15.776,15.6603,200.0,200.0,200.0,200.0,200.0,200.0,200.0,200.0,200.0,200.0,200.0,200.0,200.0,200.0,200.0,200.0,200.0,200.0,200.0,200.0,200.0,200.0,200.0,200.0,200.0,200.0,200.0,200.0,200.0,200.0,200.0,200.0,200.0,200.0,16.9841,200.0
1,0.0,0.7000000000000001,266.64577716495756,0.0282115,5.211074065026643,14.6396,15.5733,18.0126,23.4362,38.5729,90.1688,200.0,200.0,135.69,84.6019,61.803,48.6359,39.7743,33.5923,25.8185,19.8193,16.9217,15.6424,15.4848,200.0,200.0,200.0,200.0,200.0,200.0,200.0,200.0,200.0,200.0,200.0,200.0,200.0,200.0,200.0,200.0,200.0,200.0,200.0,200.0,200.0,200.0,200.0,200.0,200.0,200.0,200.0,200.0,200.0,200.0,200.0,200.0,200.0,200.0,17.18,200.0
1,0.0,0.7000000000000001,266.38434011071524,0.017993,4.534680199140851,14.7781,15.6676,18.0461,23.3277,37.78,82.4878,200.0,200.0,149.35,88.955,63.6859,49.6968,40.4256,33.9946,25.9627,19.809,16.843,15.5185,15.3161,200.0,200.0,200.0,200.0,200.0,200.0,200.0,200.0,200.0,200.0,200.0,200.0,200.0,200.0,200.0,200.0,200.0,200.0,200.0,200.0,200.0,200.0,200.0,200.0,200.0,200.0,200.0,200.0,200.0,200.0,200.0,200.0,200.0,200.0,17.3763,200.0
1,0.0,0.7000000000000001,266.0910947388845,0.00818876,3.839281323190572,14.9119,15.7548,18.0696,23.2063,36.9978,76.1562,200.0,200.0,165.764,94.2104,65.8964,50.8837,41.1583,34.4523,26.1367,19.8148,16.7754,15.4034,15.1556,200.0,200.0,200.0,200.0,200.0,200.0,200.0,200.0,200.0,200.0,200.0,200.0,200.0,200.0,200.0,200.0,200.0,200.0,200.0,200.0,200.0,200.0,200.0,200.0,200.0,200.0,200.0,200.0,200.0,200.0,200.0,200.0,200.0,200.0,17.5729,200.0
1,0.0,0.7000000000000001,265.78098790446245,-0.00115623,3.13932170319105,15.0408,15.8359,18.0861,23.0791,36.2482,70.9314,148.479,200.0,180.975,100.497,68.4408,52.1756,41.9581,34.9546,26.3344,19.8337,16.7176,15.2974,15.0044,200.0,200.0,200.0,200.0,200.0,200.0,200.0,200.0,200.0,200.0,200.0,200.0,200.0,200.0,200.0,200.0,200.0,200.0,200.0,200.0,200.0,200.0,200.0,200.0,200.0,200.0,200.0,200.0,200.0,200.0,200.0,200.0,200.0,200.0,200.0,17.7695
1,0.0,0.7000000000000001,265.45035043923474,-0.0100515,2.4406111311849137,15.1651,15.9118,18.0973,22.9496,35.5373,66.5678,127.111,200.0,195.143,108.054,71.3551,53.569,42.8196,35.4973,26.5532,19.8645,16.669,15.1998,14.8622,200.0,200.0,200.0,200.0,200.0,200.0,200.0,200.0,200.0,200.0,200.0,200.0,200.0,200.0,200.0,200.0,200.0,200.0,200.0,200.0,200.0,200.0,200.0,200.0,200.0,200.0,200.0,200.0,200.0,200.0,200.0,200.0,200.0,200.0,200.0,17.9662
1,0.0,0.0,265.1003854647875,-0.018422,1.751554898026732,15.2838,15.9821,18.1037,22.8198,34.8696,62.8982,111.916,200.0,200.0,117.169,74.6709,55.1039,43.7345,36.0751,26.7901,19.9062,16.6295,15.1114,14.7303,200.0,200.0,200.0,200.0,200.0,200.0,200.0,200.0,200.0,200.0,200.0,200.0,200.0,200.0,200.0,200.0,200.0,200.0,200.0,200.0,200.0,200.0,200.0,200.0,200.0,200.0,200.0,200.0,200.0,200.0,200.0,200.0,200.0,200.0,200.0,18.1628
1,0.0,0.0,264.75563823269187,-0.0263217,1.0803577593427776,15.3977,16.0484,18.1078,22.6945,34.2526,59.8034,100.653,200.0,200.0,128.208,78.4117,56.7874,44.6876,36.6766,27.0389,19.9556,16.5972,15.0308,14.6077,200.0,200.0,200.0,200.0,200.0,200.0,200.0,200.0,200.0,200.0,200.0,200.0,200.0,200.0,200.0,200.0,200.0,200.0,200.0,200.0,200.0,200.0,200.0,200.0,200.0,200.0,200.0,200.0,200.0,200.0,200.0,200.0,200.0,200.0,200.0,18.3592
1,0.0,0.0,264.44447162728903,-0.0337495,0.45888648178263736,15.5068,16.1132,18.1159,22.587,33.72,57.2914,92.3225,200.0,200.0,141.172,82.4362,58.5299,45.6147,37.258,27.2768,20.0022,16.567,14.9558,14.4942,200.0,200.0,200.0,200.0,200.0,200.0,200.0,200.0,200.0,200.0,200.0,200.0,200.0,200.0,200.0,200.0,200.0,200.0,200.0,200.0,200.0,200.0,200.0,200.0,200.0,200.0,200.0,200.0,200.0,200.0,200.0,200.0,200.0,200.0,200.0,18.5554
1,0.0,0.0,264.26965686308074,-0.0407358,-0.039867835779690504,15.611,16.1822,18.1419,22.5273,33.3499,55.5179,86.6678,200.0,200.0,153.768,86.1931,60.0567,46.3528,37.7092,27.4473,20.0209,16.5264,14.8808,14.389,200.0,200.0,200.0,200.0,200.0,200.0,200.0,200.0,200.0,200.0,200.0,200.0,200.0,200.0,200.0,200.0,200.0,200.0,200.0,200.0,200.0,200.0,200.0,200.0,200.0,200.0,200.0,200.0,200.0,200.0,200.0,200.0,200.0,200.0,200.0,18.7518
